"Last updated: January 28, 2026 06:42 AM UTC"
Updated 01/28/26 at 06:42am,Position Rank,Position,Team,Value,Age,Rookie,SFPosition Rank,SFValue,RdrftPosition Rank,RdrftValue
Bijan Robinson,RB1,RB,ATL,9998,24.0,No,RB1,9998,,0
Ja'Marr Chase,WR1,WR,CIN,9997,25.9,No,WR3,9667,,0
Puka Nacua,WR2,WR,LAR,9987,24.7,No,WR2,9685,,0
Jaxon Smith-Njigba,WR3,WR,SEA,9985,24.0,No,WR1,9863,,0
Jahmyr Gibbs,RB2,RB,DET,9816,23.8,No,RB2,9422,,0
Malik Nabers,WR4,WR,NYG,8066,22.5,No,WR4,7777,,0
Trey McBride,TE1,TE,ARI,8021,26.2,No,TE1,7750,,0
Amon-Ra St. Brown,WR5,WR,DET,7928,26.3,No,WR5,7587,,0
Brock Bowers,TE2,TE,LVR,7926,23.1,No,TE2,7581,,0
De'Von Achane,RB3,RB,MIA,7903,24.3,No,RB3,7295,,0
CeeDee Lamb,WR6,WR,DAL,7798,26.8,No,WR6,7418,,0
Justin Jefferson,WR7,WR,MIN,7770,26.6,No,WR7,7362,,0
Josh Allen,QB1,QB,BUF,7707,29.7,No,QB2,9984,,0
Ashton Jeanty,RB4,RB,LVR,7612,22.2,Yes,RB4,7018,,0
Drake London,WR8,WR,ATL,7604,24.5,No,WR8,7045,,0
Omarion Hampton,RB5,RB,LAC,7224,22.9,Yes,RB5,6561,,0
Jonathan Taylor,RB6,RB,IND,7169,27.0,No,RB6,6389,,0
Tetairoa McMillan,WR9,WR,CAR,7131,22.8,Yes,WR9,6557,,0
TreVeyon Henderson,RB7,RB,NEP,7044,23.3,Yes,RB7,6380,,0
2027 Early 1st,,PI,,6927,,,,6558,,0
James Cook,RB8,RB,BUF,6920,26.3,No,RB8,6170,,0
George Pickens,WR10,WR,DAL,6876,24.9,No,WR10,6091,,0
Drake Maye,QB2,QB,NEP,6843,23.4,No,QB1,9997,,0
Emeka Egbuka,WR11,WR,TBB,6776,23.3,Yes,WR13,5889,,0
Nico Collins,WR12,WR,HOU,6768,26.9,No,WR11,6037,,0
Rashee Rice,WR13,WR,KCC,6730,25.8,No,WR12,5951,,0
2026 Early 1st,,PI,,6538,,,,6039,,0
Garrett Wilson,WR14,WR,NYJ,6516,25.5,No,WR14,5738,,0
Lamar Jackson,QB3,QB,BAL,6468,29.0,No,QB4,7440,,0
Tyler Warren,TE3,TE,IND,6454,23.7,Yes,TE3,5737,,0
Chris Olave,WR15,WR,NOS,6439,25.6,No,WR15,5700,,0
Bucky Irving,RB9,RB,TBB,6409,23.4,No,RB10,5535,,0
Quinshon Judkins,RB10,RB,CLE,6388,22.2,Yes,RB9,5607,,0
Christian McCaffrey,RB11,RB,SFO,6278,29.6,No,RB11,5477,,0
Breece Hall,RB12,RB,NYJ,6162,24.7,No,RB12,5282,,0
Jayden Daniels,QB4,QB,WAS,6147,25.1,No,QB3,7600,,0
Ladd McConkey,WR16,WR,LAC,6066,24.2,No,WR17,5185,,0
Rome Odunze,WR17,WR,CHI,6013,23.6,No,WR16,5217,,0
Colston Loveland,TE4,TE,CHI,5951,21.8,Yes,TE4,5385,,0
Marvin Harrison Jr.,WR18,WR,ARI,5846,23.5,No,WR18,5144,,0
2027 Mid 1st,,PI,,5800,,,,5255,,0
Brian Thomas Jr.,WR19,WR,JAC,5714,23.3,No,WR19,4979,,0
Chase Brown,RB13,RB,CIN,5676,25.8,No,RB14,4846,,0
Tee Higgins,WR20,WR,CIN,5669,27.0,No,WR21,4853,,0
Kyren Williams,RB14,RB,LAR,5647,25.4,No,RB13,4845.99,,0
Luther Burden,WR21,WR,CHI,5626,22.1,Yes,WR20,4910,,0
Saquon Barkley,RB15,RB,PHI,5624,29.0,No,RB16,4811,,0
2026 Mid 1st,,PI,,5623.99,,,,4764,,0
Cam Skattebo,RB16,RB,NYG,5615,24.0,Yes,RB15,4834,,0
Joe Burrow,QB5,QB,CIN,5596,29.1,No,QB6,7265,,0
2028 Early 1st,,PI,,5574,,,,4881,,0
Tucker Kraft,TE5,TE,GBP,5552,25.2,No,TE5,4896,,0
Jameson Williams,WR22,WR,DET,5538,24.8,No,WR22,4810,,0
Jalen Hurts,QB6,QB,PHI,5537,27.5,No,QB10,6428,,0
Patrick Mahomes,QB7,QB,KCC,5532,30.4,No,QB8,6554,,0
Harold Fannin,TE6,TE,CLE,5511,21.5,Yes,TE6,4833,,0
RJ Harvey,RB17,RB,DEN,5503,25.0,Yes,RB17,4793,,0
DeVonta Smith,WR23,WR,PHI,5458,27.2,No,WR24,4644,,0
Jaxson Dart,QB8,QB,NYG,5414,22.7,Yes,QB9,6534,,0
A.J. Brown,WR24,WR,PHI,5404,28.6,No,WR23,4692,,0
2027 Late 1st,,PI,,5401,,,,4686,,0
Justin Herbert,QB9,QB,LAC,5390,27.9,No,QB7,6847,,0
Caleb Williams,QB10,QB,CHI,5378,24.2,No,QB5,7383,,0
Zay Flowers,WR25,WR,BAL,5364,25.4,No,WR26,4574,,0
Jaylen Waddle,WR26,WR,MIA,5336,27.2,No,WR27,4491,,0
Travis Hunter,WR27,WR,JAC,5305,22.7,Yes,WR25,4632,,0
Josh Jacobs,RB18,RB,GBP,5296,28.0,No,RB18,4497,,0
Kenneth Walker III,RB19,RB,SEA,5271,25.3,No,RB19,4414,,0
Sam LaPorta,TE7,TE,DET,5198,25.0,No,TE7,4528,,0
Travis Etienne,RB20,RB,JAC,5180,27.0,No,RB20,4381,,0
Javonte Williams,RB21,RB,DAL,5176,25.8,No,RB21,4194,,0
2026 Late 1st,,PI,,5156,,,,4336,,0
2028 Mid 1st,,PI,,5147,,,,4498,,0
Bo Nix,QB11,QB,DEN,5035,25.9,No,QB11,6234,,0
Kyle Pitts,TE8,TE,ATL,4926,25.3,No,TE8,4235,,0
Jordan Addison,WR28,WR,MIN,4911,24.0,No,WR28,3980,,0
2028 Late 1st,,PI,,4821,,,,4000,,0
Kyle Monangai,RB22,RB,CHI,4805,23.6,Yes,RB22,3889,,0
Oronde Gadsden,TE9,TE,LAC,4753,22.6,Yes,TE9,3960,,0
Ricky Pearsall,WR29,WR,SFO,4722,25.4,No,WR29,3800,,0
Jayden Higgins,WR30,WR,HOU,4681,23.1,Yes,WR31,3796,,0
DK Metcalf,WR31,WR,PIT,4646,28.1,No,WR32,3747,,0
Jordan Love,QB12,QB,GBP,4635,27.2,No,QB14,5666,,0
Derrick Henry,RB23,RB,BAL,4576,32.1,No,RB23,3782,,0
George Kittle,TE10,TE,SFO,4570,32.3,No,TE10,3671,,0
Zach Charbonnet,RB24,RB,SEA,4528,25.0,No,RB24,3742,,0
D'Andre Swift,RB25,RB,CHI,4512,27.0,No,RB25,3647,,0
2026 Early 2nd,,PI,,4506,,,,3580,,0
Michael Pittman,WR32,WR,IND,4505.99,28.3,No,WR36,3557,,0
Baker Mayfield,QB13,QB,TBB,4498,30.8,No,QB18,4755,,0
2027 Early 2nd,,PI,,4463,,,,3792,,0
Michael Wilson,WR33,WR,ARI,4458,25.9,No,WR30,3798,,0
Christian Watson,WR34,WR,GBP,4454,26.7,No,WR33,3674,,0
Davante Adams,WR35,WR,LAR,4453,33.1,No,WR37,3553,,0
Wan'Dale Robinson,WR36,WR,NYG,4427,25.1,No,WR35,3579.99,,0
Brock Purdy,QB14,QB,SFO,4426,26.1,No,QB13,6135,,0
Xavier Worthy,WR37,WR,KCC,4420,22.8,No,WR38,3495,,0
Dak Prescott,QB15,QB,DAL,4401,32.5,No,QB16,5051,,0
Alec Pierce,WR38,WR,IND,4398,25.7,No,WR34,3617,,0
Woody Marks,RB26,RB,HOU,4356,25.1,Yes,RB26,3458,,0
Matthew Golden,WR39,WR,GBP,4292,22.5,Yes,WR39,3460,,0
Quentin Johnston,WR40,WR,LAC,4272,24.4,No,WR40,3423,,0
Jaylen Warren,RB27,RB,PIT,4251,27.2,No,RB28,3315,,0
Jakobi Meyers,WR41,WR,JAC,4189,29.2,No,WR41,3405,,0
Jake Ferguson,TE11,TE,DAL,4181,27.0,No,TE11,3390,,0
Blake Corum,RB28,RB,LAR,4176,25.2,No,RB27,3376,,0
C.J. Stroud,QB16,QB,HOU,4164,24.3,No,QB15,5295,,0
Bhayshul Tuten,RB29,RB,JAC,4163,23.0,Yes,RB30,3239,,0
Trey Benson,RB30,RB,ARI,4137,23.5,No,RB29,3247,,0
Dalton Kincaid,TE12,TE,BUF,4116,26.3,No,TE12,3330,,0
Rico Dowdle,RB31,RB,CAR,4085,27.6,No,RB31,3156,,0
Trevor Lawrence,QB17,QB,JAC,4082,26.3,No,QB12,6220,,0
Courtland Sutton,WR42,WR,DEN,4067,30.3,No,WR42,3274,,0
2027 Mid 2nd,,PI,,3968,,,,3303,,0
D.J. Moore,WR43,WR,CHI,3956,28.8,No,WR45,3189,,0
Jayden Reed,WR44,WR,GBP,3928,25.8,No,WR44,3202,,0
2026 Mid 2nd,,PI,,3915,,,,3183,,0
Troy Franklin,WR45,WR,DEN,3914.99,23.0,No,WR46,3154,,0
Parker Washington,WR47,WR,JAC,3897,23.8,No,WR43,3267,,0
Terry McLaurin,WR46,WR,WAS,3896.99,30.4,No,WR48,3116,,0
Cam Ward,QB18,QB,TEN,3880,23.7,Yes,QB17,4916,,0
Brenton Strange,TE13,TE,JAC,3870,25.1,No,TE13,3238.99,,0
2028 Early 2nd,,PI,,3846,,,,3035,,0
Josh Downs,WR48,WR,IND,3818,24.5,No,WR47,3123,,0
Khalil Shakir,WR49,WR,BUF,3805,26.0,No,WR49,3004,,0
Jared Goff,QB19,QB,DET,3802,31.3,No,QB20,4505,,0
Tyler Allgeier,RB32,RB,ATL,3784,25.8,No,RB32,3019,,0
Sam Darnold,QB20,QB,SEA,3774,28.6,No,QB19,4691.99,,0
Kayshon Boutte,WR50,WR,NEP,3702,23.7,No,WR52,2918,,0
Chuba Hubbard,RB33,RB,CAR,3682,26.6,No,RB33,2948,,0
2026 Late 2nd,,PI,,3675,,,,2880,,0
2027 Late 2nd,,PI,,3669,,,,2998,,0
Jauan Jennings,WR51,WR,SFO,3642,28.6,No,WR54,2907,,0
Romeo Doubs,WR52,WR,GBP,3627,25.8,No,WR51,2952,,0
Jacory Croskey-Merritt,RB34,RB,WAS,3626,24.8,Yes,RB34,2902,,0
Elic Ayomanor,WR53,WR,TEN,3624,22.6,Yes,WR55,2868,,0
Mason Taylor,TE14,TE,NYJ,3622,21.7,Yes,TE14,2938,,0
Jalen Coker,WR54,WR,CAR,3613,24.2,No,WR50,2989,,0
2028 Mid 2nd,,PI,,3596,,,,2786,,0
Chimere Dike,WR55,WR,TEN,3552,24.1,Yes,WR53,2909,,0
Daniel Jones,QB21,QB,IND,3544,28.7,No,QB23,3805,,0
David Montgomery,RB35,RB,DET,3526,28.6,No,RB39,2756,,0
Tyjae Spears,RB36,RB,TEN,3501,24.6,No,RB38,2761,,0
Pat Bryant,WR56,WR,DEN,3496,23.1,Yes,WR57,2817,,0
Isaiah Likely,TE15,TE,BAL,3495,25.8,No,TE15,2813,,0
Braelon Allen,RB37,RB,NYJ,3477,22.0,No,RB37,2775,,0
Kenneth Gainwell,RB38,RB,PIT,3476,26.9,No,RB35,2840,,0
Jaylin Noel,WR57,WR,HOU,3475,23.4,Yes,WR60,2795,,0
Isaac TeSlaa,WR58,WR,DET,3472,23.9,Yes,WR56,2861,,0
J.J. McCarthy,QB22,QB,MIN,3460,23.0,No,QB25,3691,,0
Theo Johnson,TE16,TE,NYG,3450,24.9,No,TE18,2770,,0
Adonai Mitchell,WR59,WR,NYJ,3445,23.3,No,WR61,2790,,0
Rhamondre Stevenson,RB39,RB,NEP,3416,27.9,No,RB36,2814,,0
Mike Evans,WR60,WR,TBB,3411,32.4,No,WR63,2732,,0
Kyle Williams,WR61,WR,NEP,3408,23.2,Yes,WR59,2804,,0
Dylan Sampson,RB40,RB,CLE,3407.99,21.4,Yes,RB40,2727,,0
Tre Harris,WR62,WR,LAC,3404,23.9,Yes,WR58,2806,,0
Jalen McMillan,WR63,WR,TBB,3398,24.1,No,WR62,2784,,0
Bryce Young,QB23,QB,CAR,3390,24.5,No,QB21,4466,,0
Tory Horton,WR64,WR,SEA,3380,23.2,Yes,WR64,2718,,0
Terrance Ferguson,TE17,TE,LAR,3378,22.9,Yes,TE17,2798,,0
Rashid Shaheed,WR65,WR,SEA,3369,27.4,No,WR65,2710,,0
Tyrone Tracy,RB41,RB,NYG,3365,26.2,No,RB41,2726,,0
Stefon Diggs,WR66,WR,NEP,3353,32.2,No,WR66,2707,,0
AJ Barner,TE18,TE,SEA,3352,23.7,No,TE16,2808,,0
Brandon Aiyuk,WR67,WR,SFO,3332,27.9,No,WR68,2609,,0
J.K. Dobbins,RB42,RB,DEN,3316,27.1,No,RB44,2633,,0
2028 Late 2nd,,PI,,3305,,,,2703,,0
Kaleb Johnson,RB43,RB,PIT,3301,22.4,Yes,RB45,2608,,0
Devin Neal,RB44,RB,NOS,3292,22.5,Yes,RB42,2678,,0
Chris Godwin,WR68,WR,TBB,3284,29.9,No,WR67,2699,,0
Michael Penix Jr.,QB24,QB,ATL,3266,25.7,No,QB26,3575,,0
Ollie Gordon,RB45,RB,MIA,3263,22.0,Yes,RB46,2584,,0
Kyler Murray,QB25,QB,ARI,3255,28.5,No,QB27,3467,,0
Tony Pollard,RB46,RB,TEN,3254,28.7,No,RB43,2643,,0
Kimani Vidal,RB47,RB,LAC,3249,24.4,No,RB47,2574,,0
Matthew Stafford,QB26,QB,LAR,3247,38.0,No,QB24,3690.99,,0
T.J. Hockenson,TE19,TE,MIN,3210,28.6,No,TE19,2607.99,,0
Jerry Jeudy,WR69,WR,CLE,3190,26.8,No,WR69,2577,,0
Dallas Goedert,TE20,TE,PHI,3156,31.1,No,TE20,2603,,0
Elijah Arroyo,TE21,TE,SEA,3128,22.8,Yes,TE22,2519,,0
Tre Tucker,WR70,WR,LVR,3101,24.9,No,WR70,2558,,0
Jordan Mason,RB48,RB,MIN,3100,26.7,No,RB49,2504,,0
Deebo Samuel,WR71,WR,WAS,3095,30.0,No,WR71,2538,,0
Sean Tucker,RB49,RB,TBB,3094,24.2,No,RB48,2534,,0
Jonathon Brooks,RB50,RB,CAR,3054,22.5,No,RB51,2424,,0
Mark Andrews,TE22,TE,BAL,3050,30.4,No,TE21,2522,,0
Tez Johnson,WR72,WR,TBB,3017,23.7,Yes,WR73,2397,,0
Rachaad White,RB51,RB,TBB,2992,27.0,No,RB52,2394,,0
Tank Bigsby,RB52,RB,PHI,2980,24.4,No,RB50,2437,,0
Keon Coleman,WR73,WR,BUF,2973,22.7,No,WR74,2383,,0
Marvin Mims,WR74,WR,DEN,2915,23.9,No,WR72,2408,,0
Brashard Smith,RB53,RB,KCC,2904,22.8,Yes,RB57,2273,,0
2026 Early 3rd,,PI,,2903,,,,2371,,0
Kendre Miller,RB54,RB,NOS,2894,23.6,No,RB56,2284,,0
Keaton Mitchell,RB55,RB,BAL,2888,24.0,No,RB54,2359,,0
Jack Bech,WR75,WR,LVR,2836,23.1,Yes,WR76,2344,,0
Hunter Henry,TE23,TE,NEP,2831,31.1,No,TE23,2403,,0
David Njoku,TE24,TE,CLE,2817,29.6,No,TE24,2365,,0
Brian Robinson,RB56,RB,SFO,2801,26.8,No,RB53,2390,,0
Isaiah Bond,WR76,WR,CLE,2800,21.9,Yes,WR78,2234,,0
Tank Dell,WR77,WR,HOU,2791,26.2,No,WR75,2370,,0
2027 Early 3rd,,PI,,2790,,,,2391,,0
Jaylen Wright,RB57,RB,MIA,2778,22.8,No,RB55,2324,,0
Xavier Legette,WR78,WR,CAR,2769,25.0,No,WR77,2243,,0
Alvin Kamara,RB58,RB,NOS,2764,30.5,No,RB58,2251,,0
Juwan Johnson,TE25,TE,NOS,2716,29.4,No,TE28,2274,,0
Cade Otton,TE26,TE,TBB,2703,26.8,No,TE26,2281,,0
Gunnar Helm,TE27,TE,TEN,2702,23.4,Yes,TE25,2302,,0
2026 Mid 3rd,,PI,,2699,,,,2264,,0
Dalton Schultz,TE28,TE,HOU,2692,29.6,No,TE27,2273.99,,0
2027 Mid 3rd,,PI,,2691.99,,,,2273.9799999999996,,0
Isiah Pacheco,RB59,RB,KCC,2685,26.9,No,RB60,2171,,0
Isaiah Davis,RB60,RB,NYJ,2669,23.9,No,RB62,2134,,0
Demario Douglas,WR79,WR,NEP,2646,25.1,No,WR81,2173,,0
Dontayvion Wicks,WR80,WR,GBP,2639,24.6,No,WR79,2217,,0
Michael Mayer,TE29,TE,LVR,2633,24.6,No,TE29,2223,,0
Cedric Tillman,WR81,WR,CLE,2624,25.8,No,WR83,2055,,0
Chris Rodriguez,RB61,RB,WAS,2622,25.3,No,RB61,2154,,0
Aaron Jones,RB62,RB,MIN,2609,31.2,No,RB59,2199,,0
Malik Washington,WR82,WR,MIA,2608.99,25.1,No,WR82,2137,,0
Tyreek Hill,WR83,WR,MIA,2596,31.9,No,WR80,2203,,0
2028 Early 3rd,,PI,,2594,,,,2110,,0
Emanuel Wilson,RB63,RB,GBP,2590,26.7,No,RB63,2121,,0
Jaydon Blue,RB64,RB,DAL,2562,22.0,Yes,RB64,2091,,0
2026 Late 3rd,,PI,,2521,,,,2111,,0
2027 Late 3rd,,PI,,2504,,,,2170.99,,0
Chigoziem Okonkwo,TE30,TE,TEN,2503,26.4,No,TE30,2084,,0
Dont'e Thornton,WR84,WR,LVR,2499,23.2,Yes,WR84,2039,,0
Ja'Tavion Sanders,TE31,TE,CAR,2464,22.8,No,TE33,2024,,0
Jalen Milroe,QB27,QB,SEA,2463,23.1,Yes,QB33,2363,,0
Justin Fields,QB28,QB,NYJ,2437,26.9,No,QB36,2094,,0
Rashod Bateman,WR85,WR,BAL,2431,26.2,No,WR86,1969,,0
Cole Kmet,TE32,TE,CHI,2429,26.9,No,TE32,2045,,0
Darnell Mooney,WR86,WR,ATL,2428.99,28.2,No,WR85,1970,,0
DJ Giddens,RB65,RB,IND,2368,22.4,Yes,RB65,1952,,0
Pat Freiermuth,TE33,TE,PIT,2361,27.2,No,TE36,1982,,0
Trevor Etienne,RB66,RB,CAR,2359,21.6,Yes,RB66,1943,,0
Ray Davis,RB67,RB,BUF,2352,26.2,No,RB68,1940,,0
Jaylin Lane,WR87,WR,WAS,2331,23.7,Yes,WR87,1951,,0
Darnell Washington,TE34,TE,PIT,2330,24.4,No,TE37,1937,,0
Tyler Shough,QB29,QB,NOS,2325,26.3,Yes,QB22,4231,,0
John Metchie,WR88,WR,NYJ,2318,25.5,No,WR88,1936.99,,0
James Conner,RB68,RB,ARI,2310,30.7,No,RB67,1939.99,,0
2028 Mid 3rd,,PI,,2309,,,,1960,,0
Travis Kelce,TE35,TE,KCC,2301,36.3,No,TE40,1843,,0
Tua Tagovailoa,QB30,QB,MIA,2300,27.9,No,QB31,2547,,0
Ben Sinnott,TE36,TE,WAS,2284,23.6,No,TE31,2047,,0
Luke McCaffrey,WR89,WR,WAS,2269,24.8,No,WR91,1852,,0
Jake Tonges,TE37,TE,SFO,2261,26.6,No,TE35,1987,,0
Xavier Hutchinson,WR90,WR,HOU,2229,25.6,No,WR90,1883,,0
2028 Late 3rd,,PI,,2207,,,,1880,,0
Colby Parkinson,TE38,TE,LAR,2196,27.0,No,TE34,1986.99,,0
Ryan Flournoy,WR91,WR,DAL,2193,26.2,No,WR89,1891,,0
Jalen Nailor,WR92,WR,MIN,2172,26.9,No,WR92,1833,,0
Bam Knight,RB69,RB,ARI,2171.99,24.8,No,RB72,1772,,0
Luke Musgrave,TE39,TE,GBP,2168,25.4,No,TE39,1862,,0
Tyquan Thornton,WR93,WR,KCC,2155,25.5,No,WR101,1720,,0
LeQuint Allen,RB70,RB,JAC,2153,21.5,Yes,RB69,1812,,0
Keenan Allen,WR94,WR,LAC,2149,33.8,No,WR94,1785,,0
Tahj Brooks,RB71,RB,CIN,2140,23.7,Yes,RB75,1682,,0
Shedeur Sanders,QB31,QB,CLE,2125,24.0,Yes,QB28,2925,,0
Evan Engram,TE40,TE,DEN,2121,31.4,No,TE38,1904,,0
Najee Harris,RB72,RB,LAC,2110,27.9,No,RB71,1780,,0
Jalen Royals,WR95,WR,KCC,2106,22.9,Yes,WR97,1741,,0
Roman Wilson,WR96,WR,PIT,2105,24.6,No,WR96,1747,,0
Calvin Austin III,WR97,WR,PIT,2094,26.8,No,WR100,1728,,0
2026 Early 4th,,PI,,2085,,,,1850,,0
Andrei Iosivas,WR98,WR,CIN,2071,26.3,No,WR98,1734,,0
Anthony Richardson,QB32,QB,IND,2062,23.7,No,QB34,2315,,0
Mac Jones,QB33,QB,SFO,2058,27.4,No,QB29,2711,,0
Audric Estime,RB73,RB,NOS,2048,22.4,No,RB70,1792,,0
Darius Slayton,WR99,WR,NYG,2046,29.0,No,WR102,1696,,0
Christian Kirk,WR100,WR,HOU,2040,29.2,No,WR93,1824,,0
Noah Gray,TE41,TE,KCC,2033,26.7,No,TE41,1730,,0
Marquise Brown,WR101,WR,KCC,2025,28.6,No,WR99,1729.99,,0
MarShawn Lloyd,RB74,RB,GBP,2020,25.1,No,RB77,1615,,0
Will Shipley,RB75,RB,PHI,2000,23.4,No,RB73,1712,,0
Jarquez Hunter,RB76,RB,LAR,1999.99,23.1,Yes,RB74,1685,,0
2027 Early 4th,,PI,,1997,,,,1846,,0
Savion Williams,WR102,WR,GBP,1995,24.2,Yes,WR106,1543,,0
Jimmy Horn,WR103,WR,CAR,1976,23.4,Yes,WR103,1675,,0
Devaughn Vele,WR104,WR,NOS,1963,28.1,No,WR95,1763,,0
Calvin Ridley,WR105,WR,TEN,1943,31.1,No,WR104,1664,,0
Jordan James,RB77,RB,SFO,1929,21.8,Yes,RB76,1668,,0
2026 Mid 4th,,PI,,1914,,,,1704,,0
2027 Mid 4th,,PI,,1907,,,,1659,,0
Kareem Hunt,RB78,RB,KCC,1884,30.5,No,RB84,1462,,0
Dawson Knox,TE42,TE,BUF,1859,29.2,No,TE42,1590,,0
Jordan Whittington,WR106,WR,LAR,1858.99,25.3,No,WR108,1502,,0
Joe Mixon,RB79,RB,HOU,1854,29.5,No,RB78,1601,,0
Devin Singletary,RB80,RB,NYG,1850,28.4,No,RB80,1571,,0
KeAndre Lambert-Smith,WR107,WR,LAC,1847,24.3,Yes,WR105,1604,,0
Isaac Guerendo,RB81,RB,SFO,1834,25.6,No,RB81,1505,,0
Jonnu Smith,TE43,TE,PIT,1806,30.4,No,TE43,1507,,0
2026 Late 4th,,PI,,1797,,,,1599,,0
Jaleel McLaughlin,RB82,RB,DEN,1793,25.4,No,RB83,1474,,0
2028 Early 4th,,PI,,1782,,,,1589,,0
Michael Carter,RB83,RB,ARI,1771,26.7,No,RB79,1597,,0
Cooper Kupp,WR108,WR,SEA,1770,32.6,No,WR107,1514,,0
2027 Late 4th,,PI,,1765,,,,1503,,0
Dillon Gabriel,QB34,QB,CLE,1745,25.1,Yes,QB42,1614,,0
Jahan Dotson,WR109,WR,PHI,1733,25.8,No,WR113,1396,,0
Emari Demercado,RB84,RB,ARI,1720,27.0,No,RB86,1354,,0
Joshua Palmer,WR110,WR,BUF,1714,26.4,No,WR112,1409,,0
Ty Johnson,RB85,RB,BUF,1713,28.4,No,RB85,1369,,0
Kendrick Bourne,WR111,WR,SFO,1712,30.5,No,WR111,1415,,0
Malik Davis,RB86,RB,DAL,1707,27.2,No,RB82,1475,,0
Jalen Tolbert,WR112,WR,DAL,1698,26.9,No,WR114,1393,,0
Tommy Tremble,TE44,TE,CAR,1682,25.6,No,TE44,1379,,0
Treylon Burks,WR113,WR,WAS,1670,25.8,No,WR109,1433,,0
2028 Mid 4th,,PI,,1657,,,,1482,,0
Xavier Restrepo,WR114,WR,TEN,1656,23.8,Yes,WR110,1432,,0
Noah Fant,TE45,TE,CIN,1649,28.2,No,TE45,1367,,0
Jerome Ford,RB87,RB,CLE,1640,26.4,No,RB87,1326,,0
Tutu Atwell,WR115,WR,LAR,1615,26.3,No,WR116,1364,,0
Greg Dulcich,TE46,TE,MIA,1586,25.8,No,TE47,1348,,0
Tyrell Shavers,WR116,WR,BUF,1572,26.4,No,WR119,1274,,0
Greg Dortch,WR117,WR,ARI,1569,27.7,No,WR115,1365,,0
Cade Stover,TE47,TE,HOU,1568,25.6,No,TE49,1298,,0
Mike Gesicki,TE48,TE,CIN,1567,30.3,No,TE46,1364.99,,0
Efton Chism,WR118,WR,NEP,1566,24.2,Yes,WR118,1332,,0
Aaron Rodgers,QB35,QB,PIT,1560,42.2,No,QB40,1635,,0
Dyami Brown,WR119,WR,JAC,1556,26.2,No,WR124,1250,,0
Konata Mumpfield,WR120,WR,LAR,1555,23.3,Yes,WR117,1362,,0
Roschon Johnson,RB88,RB,CHI,1549,25.0,No,RB88,1297.99,,0
Jalin Hyatt,WR121,WR,NYG,1536,24.3,No,WR122,1262,,0
Daniel Bellinger,TE49,TE,NYG,1531,25.4,No,TE48,1305,,0
2028 Late 4th,,PI,,1515,,,,1240,,0
Joe Milton,QB36,QB,DAL,1503,25.9,No,QB39,1677,,0
Raheim Sanders,RB89,RB,CLE,1496,23.6,Yes,RB89,1297,,0
Devontez Walker,WR122,WR,BAL,1488,24.6,No,WR123,1254,,0
Olamide Zaccheaus,WR123,WR,CHI,1481,28.5,No,WR121,1269,,0
Geno Smith,QB37,QB,LVR,1480,35.3,No,QB47,1481.99,,0
Justice Hill,RB90,RB,BAL,1461,28.2,No,RB91,1187,,0
Kameron Johnson,WR124,WR,TBB,1454,23.9,No,WR128,1178,,0
KaVontae Turpin,WR125,WR,DAL,1452,29.5,No,WR125,1238,,0
Trey Palmer,WR126,WR,NOS,1448,24.8,No,WR130,1155,,0
Darren Waller,TE50,TE,MIA,1445,33.4,No,TE50,1264,,0
Malachi Corley,WR127,WR,CLE,1427,23.8,No,WR126,1211,,0
Kalel Mullings,RB91,RB,TEN,1417,23.3,Yes,RB92,1149,,0
Ja'Lynn Polk,WR128,WR,NOS,1413,23.8,No,WR120,1273,,0
Phil Mafah,RB92,RB,DAL,1404,23.3,Yes,RB94,1120,,0
Quinn Ewers,QB38,QB,MIA,1400,22.7,Yes,QB35,2149,,0
Gabriel Davis,WR129,WR,BUF,1386,26.8,No,WR132,1117,,0
Erick All,TE51,TE,CIN,1368,25.4,No,TE52,1131,,0
Will Howard,QB39,QB,PIT,1367,24.3,Yes,QB37,1729.98,,0
Tyler Badie,RB93,RB,DEN,1364,26.0,No,RB95,1111,,0
Davis Allen,TE52,TE,LAR,1361,25.0,No,TE55,1091,,0
Rasheen Ali,RB94,RB,BAL,1360,24.9,No,RB90,1224,,0
Spencer Rattler,QB40,QB,NOS,1350,25.3,No,QB41,1633,,0
Mack Hollins,WR130,WR,NEP,1348,32.4,No,WR131,1143,,0
Tyler Goodson,RB95,RB,IND,1342,25.2,No,RB97,1087,,0
Tai Felton,WR131,WR,MIN,1340,22.9,Yes,WR129,1165,,0
Tahj Washington,WR132,WR,MIA,1334,24.7,No,WR127,1182,,0
Elijah Higgins,TE53,TE,ARI,1328,25.2,No,TE51,1152,,0
Damien Martinez,RB96,RB,GBP,1322,22.0,Yes,RB93,1141,,0
Elijah Moore,WR133,WR,DEN,1313,25.8,No,WR133,1092,,0
Tyler Higbee,TE54,TE,LAR,1286,33.1,No,TE54,1100,,0
Luke Schoonmaker,TE55,TE,DAL,1285,27.3,No,TE53,1127,,0
Chris Brooks,RB97,RB,GBP,1282,26.0,No,RB100,1049,,0
Zach Ertz,TE56,TE,WAS,1281.99,35.2,No,TE59,942,,0
Malik Willis,QB41,QB,GBP,1275,26.7,No,QB30,2670,,0
Dameon Pierce,RB98,RB,KCC,1262,25.9,No,RB98,1063,,0
Isaiah Hodgins,WR134,WR,NYG,1256,27.3,No,WR135,1088,,0
Jordan Watkins,WR135,WR,SFO,1255,24.0,Yes,WR136,1086.99,,0
Nick Chubb,RB99,RB,HOU,1243,30.1,No,RB96,1090.99,,0
Arian Smith,WR136,WR,NYJ,1232,24.3,Yes,WR134,1090,,0
Terrell Jennings,RB100,RB,NEP,1221,24.9,No,RB101,1038,,0
Jacob Cowing,WR137,WR,SFO,1201,25.0,No,WR139,1027,,0
Javon Baker,WR138,WR,SFO,1200,23.9,No,WR140,1025,,0
Jonathan Mingo,WR139,WR,DAL,1198,24.8,No,WR137,1079,,0
Jeremy McNichols,RB101,RB,WAS,1187,30.1,No,RB99,1056,,0
Lil'Jordan Humphrey,WR140,WR,DEN,1184,27.8,No,WR141,995,,0
Donovan Edwards,RB102,RB,MIA,1183,22.9,Yes,RB103,1002,,0
Mitchell Evans,TE57,TE,CAR,1182,22.9,Yes,TE56,1074,,0
Jacoby Brissett,QB42,QB,ARI,1166,33.1,No,QB32,2433,,0
Hassan Haskins,RB103,RB,LAC,1155,26.2,No,RB102,1019,,0
JuJu Smith-Schuster,WR141,WR,KCC,1142,29.2,No,WR146,949,,0
Jameis Winston,QB43,QB,NYG,1136,32.0,No,QB45,1527,,0
Bo Melton,WR142,WR,GBP,1135.99,26.2,No,WR138,1042,,0
Skyy Moore,WR143,WR,SFO,1135.98,25.4,No,WR144,962,,0
Tyler Johnson,WR144,WR,NYJ,1131,27.4,No,WR145,952,,0
Samaje Perine,RB104,RB,CIN,1124,30.4,No,RB104,969,,0
Brock Wright,TE58,TE,DET,1121,27.2,No,TE57,1050,,0
Mason Tipton,WR145,WR,NOS,1119,25.3,No,WR143,974,,0
Rondale Moore,WR146,WR,MIN,1115,25.6,No,WR142,987,,0
Brevin Jordan,TE59,TE,HOU,1093,25.5,No,TE58,984,,0
Marcus Mariota,QB44,QB,WAS,1085,32.2,No,QB43,1598,,0
Joe Flacco,QB45,QB,CIN,1084,41.0,No,QB59,925,,0
Nick Westbrook-Ikhine,WR147,WR,MIA,1083,28.8,No,WR147,948.99,,0
Curtis Samuel,WR148,WR,BUF,1080,29.5,No,WR150,920,,0
Israel Abanikanda,RB105,RB,DAL,1072,23.3,No,RB108,926,,0
Jamari Thrash,WR149,WR,CLE,1055,25.1,No,WR149,921,,0
Zavier Scott,RB106,RB,MIN,1050,26.5,No,RB105,961.99,,0
Ainias Smith,WR150,WR,CAR,1043,24.7,No,WR154,894,,0
Antonio Gibson,RB107,RB,NEP,1039,27.6,No,RB106,943,,0
Deuce Vaughn,RB108,RB,DEN,1038.99,24.2,No,RB110,900,,0
Miles Sanders,RB109,RB,DAL,1038,28.7,No,RB109,909,,0
Jake Bobo,WR152,WR,SEA,1036,27.5,No,WR148,929,,0
Sterling Shepard,WR151,WR,TBB,1035.99,33.0,No,WR161,818,,0
DeAndre Hopkins,WR153,WR,BAL,1031,33.6,No,WR155,880,,0
Jeremy Ruckert,TE60,TE,NYJ,1030.99,25.5,No,TE62,872,,0
Jared Wiley,TE61,TE,KCC,1021,25.2,No,TE60,936,,0
Ty Chandler,RB110,RB,MIN,1020,27.7,No,RB107,939,,0
Tyler Scott,WR154,WR,LAR,1019.99,24.3,No,WR152,908,,0
Xavier Gipson,WR155,WR,NYG,1015,24.9,No,WR153,899,,0
Zamir White,RB111,RB,LVR,1006,26.4,No,RB112,850,,0
Will Dissly,TE62,TE,LAC,998,29.6,No,TE61,912,,0
Demarcus Robinson,WR156,WR,SFO,997,31.4,No,WR151,917,,0
Frank Gore Jr.,RB112,RB,BUF,996.99,23.9,No,RB113,841,,0
Elijah Mitchell,RB113,RB,NEP,992,27.7,No,RB111,865,,0
Bub Means,WR157,WR,NOS,974,25.0,No,WR159,846,,0
Riley Leonard,QB46,QB,IND,973,23.4,Yes,QB38,1687,,0
Jermaine Burton,WR158,WR,FA,972,24.6,No,WR165,752,,0
Noah Brown,WR159,WR,WAS,970,30.0,No,WR157,859,,0
Johnny Wilson,WR160,WR,PHI,964,24.8,No,WR156,864.99,,0
Cam Akers,RB114,RB,SEA,954,26.6,No,RB115,827,,0
Brenden Rice,WR161,WR,LVR,948,23.9,No,WR158,845.99,,0
Zay Jones,WR162,WR,ARI,941,30.8,No,WR160,821,,0
Tylan Wallace,WR163,WR,BAL,932,26.7,No,WR162,817.99,,0
Kendall Milton,RB115,RB,CIN,927,24.0,No,RB114,840,,0
Grant Calcaterra,TE63,TE,PHI,923,27.2,No,TE63,837,,0
AJ Dillon,RB116,RB,PHI,920,27.7,No,RB118,782,,0
Josh Oliver,TE64,TE,MIN,912,28.8,No,TE64,828,,0
Adam Trautman,TE65,TE,DEN,909,29.0,No,TE68,745,,0
George Holani,RB117,RB,SEA,908,26.1,No,RB121,733,,0
Julius Chestnut,RB118,RB,TEN,894,25.2,No,RB119,770,,0
Kirk Cousins,QB47,QB,ATL,890,37.4,No,QB44,1537,,0
Sione Vaki,RB119,RB,DET,885,24.5,No,RB120,746,,0
Khalil Herbert,RB120,RB,NYJ,883,27.8,No,RB117,795,,0
Derius Davis,WR164,WR,LAC,882.99,25.4,No,WR167,716,,0
Malik Heath,WR165,WR,ATL,866,25.9,No,WR163,779,,0
Kenny McIntosh,RB121,RB,SEA,861,25.9,No,RB122,725,,0
Van Jefferson,WR166,WR,TEN,860.99,29.5,No,WR166,719,,0
Dylan Laube,RB122,RB,LVR,860,26.1,No,RB124,691,,0
Jake Browning,QB48,QB,CIN,854,29.8,No,QB63,773,,0
Tyler Conklin,TE66,TE,LAC,853,30.5,No,TE67,769,,0
Alexander Mattison,RB123,RB,MIA,833,27.6,No,RB123,717,,0
Tyler Lockett,WR167,WR,LVR,814,33.3,No,WR168,692,,0
Trey Lance,QB49,QB,LAC,811,25.7,No,QB49,1169,,0
Charlie Kolar,TE67,TE,BAL,810.99,27.0,No,TE65,809,,0
LaJohntay Wester,WR168,WR,BAL,810,23.8,Yes,WR169,689,,0
Mecole Hardman,WR169,WR,BUF,797,27.9,No,WR170,680,,0
Taysom Hill,TE68,TE,NOS,793,35.4,No,TE66,797,,0
Tim Patrick,WR170,WR,JAC,791,32.2,No,WR164,756,,0
Harrison Bryant,TE69,TE,HOU,770,27.8,No,TE70,643,,0
David Bell,WR171,WR,CLE,760,25.1,No,WR171,654,,0
Jawhar Jordan,RB124,RB,HOU,755,26.4,No,RB116,812,,0
Hunter Long,TE70,TE,JAC,749,27.4,No,TE69,714,,0
Ray-Ray McCloud,WR172,WR,NYG,748,29.3,No,WR172,620,,0
Josh Reynolds,WR173,WR,NYJ,729,30.9,No,WR173,612,,0
Sam Howell,QB50,QB,PHI,723,25.4,No,QB55,1007,,0
Kenny Pickett,QB51,QB,LVR,696,27.6,No,QB50,1163,,0
Brandin Cooks,WR174,WR,BUF,680,32.3,No,WR175,518,,0
Thomas Fidone,TE71,TE,NYG,670,23.4,Yes,TE72,593,,0
Foster Moreau,TE72,TE,NOS,665,28.7,No,TE71,596,,0
Zach Wilson,QB52,QB,MIA,659,26.5,No,QB53,1106,,0
Carson Wentz,QB53,QB,MIN,642,33.1,No,QB65,687,,0
Kalif Raymond,WR175,WR,DET,619,31.5,No,WR174,547,,0
Tyler Huntley,QB54,QB,BAL,599,28.0,No,QB48,1199,,0
Ben Skowronek,WR176,WR,PIT,598.99,28.6,No,WR178,419,,0
Devin Duvernay,WR177,WR,CHI,577,28.4,No,WR176,480,,0
Trayveon Williams,RB126,RB,CLE,569,28.3,No,RB125,538,,0
Eric Gray,RB127,RB,NYG,560,26.2,No,RB131,363,,0
Austin Hooper,TE73,TE,NEP,559,31.2,No,TE73,469,,0
Sincere McCormick,RB128,RB,MIN,527,25.4,No,RB126,477,,0
Aidan O'Connell,QB55,QB,LVR,525,27.4,No,QB58,956,,0
Trey Sermon,RB129,RB,PIT,516,27.0,No,RB127,431,,0
Will Levis,QB56,QB,TEN,515,26.6,No,QB52,1116,,0
Rakim Jarrett,WR178,WR,PIT,514.99,25.0,No,WR185,355,,0
Jalen Reagor,WR179,WR,LAC,494,27.1,No,WR180,398,,0
Ashton Dulin,WR180,WR,IND,492,28.7,No,WR177,427,,0
Justin Shorter,WR181,WR,LVR,478,25.8,No,WR181,374,,0
Travis Homer,RB131,RB,CHI,476,27.5,No,RB128,399,,0
Jelani Woods,TE74,TE,NYJ,467,27.3,No,TE75,370,,0
Hunter Renfrow,WR183,WR,FA,459,30.1,No,WR182,366,,0
Pierre Strong Jr.,RB132,RB,GBP,457,27.1,No,RB129,387,,0
Tanner McKee,QB57,QB,PHI,444,25.8,No,QB51,1124,,0
Marquez Valdes-Scantling,WR188,WR,PIT,408,31.3,No,WR183,361,,0
Jaheim Bell,TE77,TE,PHI,403,24.6,No,TE74,406,,0
Mason Rudolph,QB58,QB,PIT,401,30.5,No,QB56,970,,0
Malik Cunningham,WR189,WR,DET,390,27.3,No,WR179,398.99,,0
Drew Lock,QB60,QB,SEA,384,29.2,No,QB60,902,,0
DeeJay Dallas,RB135,RB,JAC,380,27.4,No,RB130,373.99,,0
Erik Ezukanma,WR191,WR,FA,369,26.0,No,WR186,354,,0
Gardner Minshew,QB64,QB,KCC,368,29.7,No,QB57,961,,0
Hendon Hooker,QB65,QB,NYJ,367.99,28.0,No,QB70,384,,0
Donovan Peoples-Jones,WR194,WR,FA,367,26.9,No,WR184,357,,0
Tyson Bagent,QB72,QB,CHI,251,25.6,No,QB54,1034,,0
Kyle McCord,QB73,QB,GBP,248,23.4,Yes,QB64,691.99,,0
Davis Mills,QB75,QB,HOU,236,27.3,No,QB46,1504.99,,0
Tyrod Taylor,QB76,QB,NYJ,235,36.5,No,QB61,866,,0
Stetson Bennett,QB78,QB,LAR,226,28.2,No,QB66,434,,0
Bailey Zappe,QB79,QB,NYJ,225,26.8,No,QB69,395,,0
Mitchell Trubisky,QB81,QB,BUF,218,31.4,No,QB67,432,,0
Jarrett Stidham,QB86,QB,DEN,214,29.5,No,QB71,373.98,,0
Jimmy Garoppolo,QB95,QB,LAR,102,34.2,No,QB68,422,,0
Cam Miller,QB97,QB,MIA,93,24.6,Yes,QB72,369,,0
Max Brosmer,QB100,QB,MIN,52,24.8,Yes,QB62,799,,0
